Brand,Processor_Speed,RAM_Size,Storage_Capacity,Screen_Size,Weight,Price
Asus,3.799639041031901,8,1000,12.853006544044046,2.151677563878617,31747.60460557713
Acer,3.29800444568066,16,512,15.14407862688804,2.587266819216874,17515.91518148312
HP,2.43312947907335,4,512,15.04639791088389,2.2644564744099336,17073.491965768277
Acer,3.313144151037841,32,512,12.836308781136728,2.37612604770162,18399.77710698207
HP,3.162279311218045,16,512,14.701664164307012,2.943886726805596,17787.920193214795
Acer,1.924394762718852,32,256,12.870138971090247,3.9877037532163553,10719.665409273986
HP,3.0078802736659704,8,256,13.548629182550318,3.816443751577836,9750.09939150324
Acer,1.6454094887636894,4,512,14.109657058685878,3.759535343112346,16690.666299432294
Dell,1.8317893851076508,4,512,11.660379705206692,2.203919899458211,16587.514580972704
Dell,2.663014030709295,16,512,11.496404237742023,2.184275387779498,17406.84907651699
Asus,2.6332220868700693,32,1000,11.432666557576612,2.4233227820640533,33008.898865411786
Acer,3.785747016401248,4,512,12.962267864910906,3.4481404192308034,16954.6650023628
Lenovo,1.803462348556072,8,1000,16.0189909437082,3.1346735457300343,31617.262952743706
Asus,3.8940632112634495,16,512,11.592423241295997,3.3159425007381644,17695.147508140286
Dell,3.0446181005030346,4,1000,16.63336976024765,4.437172172558453,31234.928876827467
HP,2.5211330326767465,16,1000,12.24773815573634,2.8864037738802777,32125.15816609158
Lenovo,2.484661014135396,8,512,14.120444366666902,4.735455886058275,16845.480994534384
Lenovo,3.039657970455761,16,1000,13.487096388900753,4.314536185995463,32447.60269492614
Lenovo,2.7653546571006102,4,512,15.500170472853148,4.778924830763588,17224.796074094204
Dell,2.4504890469646425,32,1000,16.978389762074332,3.2066712045413373,32923.66424093799
Asus,3.922756575352029,4,1000,14.66801961329988,3.841938368820181,31653.26294701181
Dell,2.278269247890009,4,1000,12.696806784022998,2.51478910119557,31150.46348912145
Asus,3.462541359592642,16,256,13.519092186117906,4.488155450427124,9929.37740987491
Asus,2.53656030931756,16,512,12.485060438842472,2.376696735911754,17493.650157480613
Dell,2.496657569430783,8,512,15.16001092240824,3.8856992019418497,16930.188997563248
Lenovo,3.2416270596922305,4,256,11.853022680223374,2.029060648222903,9291.023542338657
Dell,2.1442072212780343,32,1000,12.2033178670716,2.9571352229967194,32868.877400863414
HP,3.49356505401732,8,512,13.2468823998081,3.0793822806358984,17077.866844915894
Asus,3.91455540288305,16,256,16.395562153548138,4.460972264441603,9937.855120726465
Lenovo,2.071136853328247,32,1000,14.580658519770138,3.539525246846108,32871.26550348876
HP,3.561702414812873,8,1000,11.25702533071468,3.409746116100786,31979.48506119157
Acer,1.875422502042604,4,512,12.827614134645144,2.1875208245312323,16186.628098963016
Asus,3.966656483167866,4,512,13.228915661956606,4.061886687747553,16924.533002996257
Acer,1.9524423817737244,32,1000,12.318240742348404,3.3079855417117576,32611.790570357465
Dell,2.630544852224518,8,512,15.286464581759589,2.9959948827132954,17059.609275297906
Asus,2.367383004740569,32,256,11.710954152610404,2.8619801495267057,10605.76645913327
Dell,3.611373496337676,16,512,15.968700974038056,2.770230488929274,17242.828225910383
Acer,2.8698987224342325,32,1000,13.29351351186475,3.749383470358608,32725.914020821376
Asus,2.1160050830977672,8,1000,16.24233752109335,4.673600219190807,31428.70478343292
Acer,2.149384459400816,32,256,13.875560539487225,4.03517565650904,10428.784835638491
Acer,3.80624845294324,16,512,12.280360087854138,4.573865272745172,17436.72833420527
Asus,1.962832322096549,4,1000,14.541395954905356,3.1521279151733013,31764.03766459276
Asus,1.700287115961688,8,1000,12.028605060263256,3.063131548958406,31593.98311026264
Lenovo,2.9459672925160225,8,256,14.622781951574575,3.604900020228332,9498.257175309209
Dell,3.709464712408564,16,512,16.143853414165044,3.84928453211561,17905.288938740137
Lenovo,3.731679277692437,8,1000,13.239558886776551,2.27981434033451,31512.88406850961
HP,2.4939859949069856,32,256,16.14872236550662,4.333433733375353,10259.568047457497
Asus,2.5218354277452413,32,256,16.64763468945111,2.351840443401336,10859.96282331094
Dell,2.0776869914701788,32,512,16.873745042246625,4.304016305939629,18371.75254715768
Asus,2.543951939462321,8,512,15.521567784474517,3.110073572428448,16968.45371903162
Acer,1.5677399812587087,16,256,11.618728174448457,3.9137056236588847,9437.652448312245
Lenovo,3.0348339619001545,32,256,12.40996566520815,4.234475226589739,10148.017388946038
Dell,1.8410993813918328,16,1000,15.302723410833162,3.8739919228511503,31925.9939313696
Dell,1.937096568151032,32,512,15.64143261038432,3.4344767706675325,18154.66194832175
Asus,1.6143550845312822,32,1000,11.801903488463108,2.042992717601004,32498.58220366735
Dell,1.8237873032070104,8,256,15.92359254605952,3.859905694622492,9379.787385975013
Lenovo,3.108944237991312,8,256,14.834192953489524,4.815994439880116,9899.157798256469
Lenovo,3.4519039651711,32,256,11.937702257298657,3.6931861410169686,11021.313118799026
Acer,3.959197313158534,16,256,16.81204763344614,2.579480025225298,10384.21040704151
HP,1.8813476072856528,16,256,11.94395768001097,4.84026810552111,9543.719980129945
Acer,2.2682249123157163,32,1000,15.496556035884852,2.168486029709939,32837.375721584285
HP,3.4938977515929706,4,1000,11.79586746560572,4.889477081195199,30976.616362602435
HP,2.492958824046137,32,512,11.863651481433385,3.570801641457835,17807.040217535818
Asus,3.420683534661296,32,256,15.394483188876013,2.407064953376838,10387.0530853186
Acer,3.200351929400751,16,1000,16.053953028499606,3.182408140347885,32262.797855749
HP,3.9803950370582815,8,256,13.150007940030044,4.102806095053998,9550.586044502412
Lenovo,3.3108470428218526,32,1000,16.64132483342771,2.0951674754480933,32911.46842429856
HP,3.44961348787786,16,1000,13.598978667890998,4.256386098630713,32020.82728719431
Dell,3.8795294635580975,16,256,16.339302358840918,3.2845518196015187,9848.907001761569
Acer,1.767451597067396,16,256,15.64581609766757,4.716616513786703,9786.04722822343
Dell,1.7196662478620834,16,1000,14.024022581577956,4.431404651646398,32176.09693732364
Dell,2.8801179521299507,8,1000,11.702396248545012,3.1343023093623525,31601.43744615208
Lenovo,1.5645297673737175,4,256,16.641099147512495,4.237152998614362,8807.45631198526
Dell,2.082398686884084,4,512,11.079506201023465,3.9557025966873818,16669.19633161232
Lenovo,1.6508802099764095,16,256,16.002751705512964,2.5964421828122086,9788.823673511592
Acer,3.341110589061807,32,512,13.611945328731418,4.093148922659879,18501.83273321414
Lenovo,2.1803628430749065,8,512,14.210153027593597,2.4446523862979737,16929.315969834894
Asus,3.2669430422136143,32,1000,15.291118728681449,2.398784128123948,32909.11452258751
Dell,3.1473098547753784,8,1000,16.86262539830944,3.5212472721808004,31954.95009707073
Lenovo,2.866743531785175,4,512,11.68878156350768,4.248137050172468,16715.111346051184
Dell,2.1453335817528187,16,256,12.628195781234064,3.814518288087744,9740.413388748191
HP,1.7602741234604158,8,256,15.378271438984534,4.014763228816777,9314.484774693694
Acer,3.2407219396953493,8,1000,12.911653776581645,2.922589386471369,31859.430745037665
Lenovo,3.0335284730267693,4,1000,14.45245632371689,3.739193498402576,31446.721179529304
Asus,3.6229891289132974,8,256,11.068954839788692,2.2431158313951705,9303.954706859848
HP,1.545581456690904,4,512,16.53420490802062,2.9783235575377205,17050.344308089607
Acer,3.381791598894103,16,512,14.791932082377134,4.4050528795739154,17603.49328037393
HP,3.0655508040785384,32,512,13.794954519338749,4.784155250686545,18008.279252012882
HP,3.92764561291342,16,1000,12.529293493489297,4.2155176355315565,31901.471771127784
Asus,1.5479806920576418,8,1000,12.291226878399156,2.720658299625157,31160.957275266264
HP,3.4232622341033494,16,512,12.49701847809645,2.334463063516346,17555.22769875267
Acer,1.820985723635313,16,512,13.640348279056392,4.3195505037762745,17425.02777611643
Dell,1.7614196008360006,16,512,11.418803927687774,4.027283878685672,17106.42782100887
HP,2.1724835110877443,8,512,12.853735940408916,3.6495925350931935,17007.624039015653
Asus,3.67960881936308,8,1000,11.29194598197028,4.986913500784425,31722.439630327608
Dell,1.5290513497702516,8,256,16.630482463148866,2.508512275598176,9148.771656517109
Dell,3.0597395907290963,8,1000,13.38936676374807,2.261213616731925,31682.62474127944
Acer,2.5493182923153057,32,512,15.945961351275615,2.34062192697886,18164.70384756868
Lenovo,3.01678761595714,4,256,15.588314848857674,2.9411195361561955,9214.484505999935
Dell,3.162591686365639,32,256,14.923964554038808,4.519461056610465,10791.994833192382
HP,3.2005706060782284,32,512,15.800440592461207,2.18278616516216,18590.4167423866
Dell,3.660895624599093,16,1000,15.876281719358373,4.95209454283739,32443.387282551463
HP,1.8562388572537831,8,256,14.711162352309112,4.884847421138497,9301.58370356369
HP,3.136278035702838,4,1000,11.903648619309644,2.077428178589545,31454.597976955472
Lenovo,2.041849500226939,8,256,16.42859805008071,2.726523951042412,9337.256259297008
Dell,2.703360379088309,32,512,16.409498031722407,4.144087025707202,18010.960644367682
Asus,3.3085502842214622,16,1000,12.09033975936894,3.7783128226105545,31944.08429326199
HP,3.635962733423948,4,256,11.123124888375951,3.7821483967004337,9468.150557363018
Acer,2.265634051966529,4,256,15.685783181866611,3.081182120162333,9100.836436937352
Acer,3.0789005502313014,4,1000,14.179287566531157,3.834939258169977,31558.706209149856
Asus,2.09012615836616,8,512,15.683336161323282,3.6722148929425615,16918.871474172327
HP,1.9552947892217485,32,1000,11.399165649265132,2.129945819762936,32500.15629105084
Acer,2.787043384824225,16,512,16.852239662878524,4.169214908149007,17442.27647012818
Lenovo,2.3531195690653908,32,512,16.570301033817845,4.801597828538746,17817.927110290842
Dell,3.4025599773574973,32,512,11.034311488164736,2.1409189732944194,18958.317291194384
Acer,3.041625786301845,4,512,16.76695649426099,2.5096177832134288,17148.4085711659
Lenovo,3.8606662227835846,16,1000,15.45518499704253,3.999851254638117,32319.90329556232
Dell,3.6264543227356048,4,1000,11.271915673765369,2.5855914937156474,31553.45182463549
Lenovo,2.7146793979658144,4,512,16.564131083517783,4.986422457040443,16856.3146807512
Lenovo,2.1241700221479647,8,1000,13.452663567374792,4.4891685989648735,31372.50378014099
Asus,1.890381493415476,8,512,11.068883958496269,3.0554150192310576,16833.276091774973
HP,2.016053179401508,16,256,13.630309880184567,3.193652526671069,9850.110563874518
Dell,3.448961183916883,32,1000,15.63792032783352,3.356259790434098,33459.84749304077
Asus,3.966575307397117,4,1000,13.49687220584364,2.1633981421005126,31954.085256659306
Acer,3.6569926938580712,32,1000,11.360578462269022,2.9231084401695315,33034.19966891077
Asus,1.629928209128681,8,1000,12.22499935500946,4.306760133713505,31505.462184452488
Lenovo,2.70146644331662,4,512,12.389290615790292,3.5709902481638323,16972.93001014014
Lenovo,3.25616242636026,16,256,13.658356173982526,3.892152333475788,9842.035170669518
Acer,2.834006366817196,32,256,12.293004553205307,4.7665757841538525,10668.03049422374
Acer,2.1447192135830058,32,512,12.322902160839824,2.550357203450688,17980.79592868101
Asus,3.658334123929563,32,256,11.74040489123358,3.431600238253884,10881.506435734313
Lenovo,3.395596189260228,4,1000,15.287847649452344,4.191477432446899,31613.45750359301
HP,2.1087057414407484,4,512,14.41078939104764,4.085562398630197,17045.209680244476
Asus,3.912796741090114,32,512,14.083104407459588,2.5473741219574704,18484.08666372973
Asus,3.830295706209031,16,512,11.185147425848434,2.6410944247109853,17395.093064560457
Lenovo,2.0595440370565576,16,1000,13.790331489803863,3.57577525634475,31987.43351882683
Acer,1.5641051645160893,16,1000,16.11789197198355,4.797466770769406,31727.413250211663
HP,3.31792267441577,32,512,14.6182373303197,2.7277347982214755,18224.91911206513
Dell,1.79091599471369,32,512,11.8375932041588,3.964176045495329,17848.648929480383
HP,3.14676943875219,32,512,16.4940333935699,2.9916830069188727,18033.226295151348
Dell,1.5990470633708929,32,512,14.473041008213556,3.883236244692009,18102.2158223809
Asus,3.3956579898225563,32,512,14.199508395674616,2.8500922066733545,18446.74641533128
HP,2.9160116007422427,16,1000,13.29970543785321,2.245001827580289,31802.522515218472
Asus,2.718577995623784,8,1000,14.751228617182656,3.956706059397322,31416.859879837644
Acer,1.6683765036719294,32,512,15.34606643797724,2.742199241175037,18117.85936553154
HP,1.7059526140396066,8,512,15.641975389373997,3.4233046808622047,16518.079792351797
HP,3.9691239093401447,32,256,13.085042494551086,3.72155179392508,11011.79350442628
Asus,2.8738238397375424,4,1000,13.629060299998132,4.772218966537049,31672.55122106269
Lenovo,3.131865269629687,16,1000,11.444253307474089,3.93458366844494,31996.360216835685
Dell,3.716510538101167,8,512,11.048354620052718,3.631919333854903,17545.434177776024
Lenovo,1.6285645337106258,32,256,15.624455185433307,2.382108420343643,10282.909929516276
Lenovo,2.240770301139975,8,512,12.001586424905009,4.824730558201802,16912.47369317647
Acer,2.756415191158606,8,256,11.264242276330789,4.303909934185494,8965.445226169082
Asus,2.899100828270545,8,512,15.709170937753282,3.969157578154302,16702.35101114597
Dell,1.917584865230188,32,512,11.132848852835776,3.0368749807292046,17999.390306277077
Acer,2.854085536652168,32,512,14.251940449338596,2.34032245131175,18464.505286084324
Acer,2.0512155226754385,32,1000,15.588805834755664,4.823144780115131,32809.51886963163
Lenovo,3.877158905626026,32,1000,13.78394078878655,3.561348212495858,33503.93503731473
Lenovo,3.6553190431636255,32,256,11.080206099556374,2.1258922203309027,10722.279304129946
Asus,2.185138051718015,4,512,15.843135912747128,4.172763582497399,16824.803277372925
HP,2.183148817495524,8,256,12.303385318718064,3.659871918869,9256.76448311221
Asus,2.613263137506664,8,512,12.81487417500756,2.5319796596718183,17124.384006967848
Lenovo,3.587325591998248,8,1000,14.703494125092355,3.234123714237768,31772.920990386385
Lenovo,1.828112194205969,16,256,14.426973791734166,2.2734219183340327,9368.84270700251
Lenovo,1.706996669812816,16,1000,13.129164984476889,4.98324580267662,31661.07806674929
Asus,2.843489007344808,8,512,13.577575661456388,2.5797482457025045,16729.550875026107
HP,2.629419196843073,4,1000,13.692672823967689,4.628577434808668,31615.395174517456
HP,3.547755794185499,8,256,14.827725576108431,2.0409020717174644,9241.110049105846
Dell,1.756274319976698,8,1000,13.317271956902184,2.204327074170568,31131.52746799251
Asus,3.455070219175965,32,256,14.141518911328715,3.320213225199496,10856.606358975563
Asus,2.3891817911623727,8,512,13.233202350951316,3.7435862711628696,16757.01448914171
Asus,2.6979546940743275,8,512,12.670824373565312,4.943724792366386,16919.58957778899
Dell,1.5459766913686668,4,1000,15.456949849437898,4.526046984520232,31236.54145744455
Asus,2.690126005497749,4,256,13.961005952926447,4.772861212383983,9084.371552686822
Lenovo,2.940720900417033,32,256,11.713246347062432,4.344846437589197,10390.13731921554
Lenovo,1.7671923077368596,8,256,14.717695561669531,3.590187365155197,9384.527047699774
Acer,2.701267368144572,4,512,14.416906905033525,3.942373822236638,17441.789564768562
HP,3.8652886553340817,32,1000,15.71161286909609,4.969269240228003,33005.18133837966
Asus,3.1020657867255155,4,256,12.66859709039814,4.066431510769961,9432.751389592717
Dell,2.8500297865112767,4,256,11.271495134113326,4.862126795234257,8946.643610745541
Acer,1.6923830040730228,32,512,12.3907015417361,4.302496491772116,18161.471638723186
Asus,2.8854450062894834,4,256,16.167917754890546,3.477797015665442,9162.53174614114
Asus,2.570499037314037,16,512,15.544786672704303,4.217274265978859,17616.64185550617
Dell,1.5925190867887316,32,1000,15.718146398368887,4.984052495589461,32652.89807631292
HP,1.9514383628183336,8,256,15.958928541174576,3.4293838137181987,9279.03174625438
Acer,2.097950260539814,32,256,12.574057800685674,3.4139248237223634,10680.026168958457
Asus,1.9187064556476745,4,256,16.845485924868537,3.378933792157212,9033.566194315728
Asus,3.083695549565368,16,512,16.63790906776105,4.990727655768066,17376.019528331424
HP,3.0916742054180184,4,512,11.460844646415689,2.1232045183712165,16896.06751963396
HP,2.966521157938685,4,512,16.479396082528737,4.168353801864564,16925.69245689916
Asus,3.427280509364554,16,512,13.00164073417426,3.382009489500468,17629.77767355734
Dell,2.4059847477915826,32,256,15.898464709790185,2.648751584559587,10333.321560418655
Asus,2.0681740681578784,16,512,15.577360013326183,2.5836050995054523,17425.207791952944
Lenovo,2.5535613764812446,16,256,15.222753865943046,2.8634938965548176,9478.12050527792
Asus,3.1418416613532303,16,256,11.591497562134474,3.1623538877676163,9274.525545150296
Asus,2.0247639827389645,4,1000,16.60996659103259,4.928098095800611,31650.730149513987
Acer,1.5614672911470038,8,512,14.820570302265963,4.511711654665454,16883.31863737996
Lenovo,3.920483569786804,16,512,16.803581525158194,4.270274270740785,17358.181126541185
HP,3.71051615837102,4,512,12.668774932919677,4.239088652939724,16921.031373659833
Dell,3.200569448020884,4,512,12.666314524105063,3.39261184685638,16552.404779460052
Dell,3.5071336214950284,16,256,14.006527281573184,2.9526637396085054,9929.514355970863
Lenovo,2.638050372704503,16,256,11.032076965126189,3.47122555755654,9717.434626463002
Asus,3.1258142158673423,4,1000,15.100722664445051,2.95191643226146,31661.60491503453
HP,3.4742462678561976,8,256,12.38476792355919,4.0980183987579295,9494.43894222929
Asus,2.82792382000258,16,1000,14.136560849371218,4.795093921043506,32057.59755714992
Dell,2.0938603271858187,32,512,13.854126908065751,2.6531375389344545,18317.25807781471
HP,2.2581878689189887,32,512,11.301286590142732,3.55188044645676,18124.40980082335
Acer,3.20814690914899,32,1000,16.89024405512685,3.675056945192341,33370.4420797472
Asus,3.992185629614868,32,512,12.121486643650767,4.482069664478437,18495.180974797404
Asus,2.853240838252676,8,512,11.254053672634305,4.982244963936727,17127.62372053389
HP,2.8689809403843407,32,256,13.729234656817209,4.192638869966623,11079.296980713389
Lenovo,1.6444514024909167,4,1000,11.574374328466384,4.277932565450616,31096.73478515804
Dell,3.104928751108165,4,512,12.063155006067149,4.133002885849434,17138.512921401118
Asus,3.684192785465847,8,256,13.071379722019834,4.931095029635528,9664.037025023415
Dell,2.310834382788439,8,256,11.635119415267454,2.2059459984436165,9303.60339705879
Acer,2.950430923068331,8,512,15.522404422568028,4.1169061891069445,17420.461668116226
HP,3.494534122146586,4,1000,15.71487587281024,2.8683226849046246,31751.626360161416
HP,1.741691124116799,32,512,12.357651504899598,4.51999328181303,17748.770425967152
Acer,2.6307957112957503,8,1000,16.46127820920654,3.767060272942735,31809.77744768992
Dell,3.611958070292219,16,512,15.045553052038994,4.186358666769728,17462.733791440864
Dell,3.674740905155321,16,256,11.746296987447948,3.539549251270336,9637.891638203962
Asus,3.295307690566236,8,512,16.48979519046781,3.836025589878366,17159.322422840665
Acer,2.74722038362839,4,512,14.79843592099708,4.190730003073604,17162.58822760996
Asus,3.3327825560382025,16,512,16.911822993723714,2.887242687785062,17501.262720510942
Lenovo,2.5233350157876075,16,256,12.206390912299671,3.5746999601775147,9852.218947732548
Lenovo,3.3587706407290194,32,256,13.10121794654438,3.853794679538894,10625.405372692512
Acer,2.054930404832373,4,512,14.286708166299915,4.9555236652720245,16879.49194023418
Asus,2.680167362774998,16,256,13.13512855555527,2.333411441996037,10029.5817669081
Asus,1.849128136890782,16,1000,16.82141206648926,3.908205261056677,32130.932571244823
Dell,2.3865553941019413,32,512,12.271365982640654,4.311341663221969,18152.54918807709
Acer,1.7235275057806487,16,512,13.471188442504976,2.921716885543161,17573.057889351905
Asus,1.896512763232684,8,512,11.572229613638353,3.408555996036901,17278.83978351909
HP,3.270907441787587,4,256,16.57573041357236,2.969299104999012,9281.467499262955
Acer,1.7932704724059862,32,1000,13.436070810236664,4.297914724565537,32408.57788482435
Lenovo,3.969305974340079,8,256,15.496342716806954,4.9255399279265255,9647.836304717026
Acer,2.6270984285103305,8,512,13.895002521412165,2.018772413079411,17495.98363758707
Dell,2.7409156180030907,4,512,13.564973902140554,2.378813411323196,17196.585377609033
Asus,1.9018997401207705,4,256,15.064840488940838,3.025541856494276,9352.730816495696
Acer,2.5074504469129035,32,512,13.524567210595556,2.629692888758692,18187.249004710426
Lenovo,1.7797990484943198,8,256,15.590961972900596,2.1208668372036263,9341.544154752515
Asus,1.584864946464497,32,512,11.047786428472708,4.578669190753811,17880.004532059324
Lenovo,1.949207772175605,8,256,11.933428621215814,2.54351555255006,9217.451938184204
Asus,3.3433926934695,4,256,13.585903411524932,2.261327868384302,9106.686028786318
Acer,3.208120070724114,4,256,15.713858621174763,4.709744315285391,9240.67613254145
Acer,2.656557391848291,8,256,12.297362054766678,3.246542189186198,9596.573600521036
Dell,2.398083423499414,32,256,12.020692503855688,4.3180129643845,10554.60906823848
Lenovo,3.6697957363000553,32,1000,14.06089028273794,4.178333778033911,32943.021188327635
Lenovo,3.331430243025625,16,256,13.38468894139455,3.3270995993072563,9960.39760411128
Dell,3.12808244260373,8,256,14.131718020871382,2.2925230773916256,9459.669088422834
Asus,3.455963710145684,16,256,12.592220669611851,2.19105430250755,10040.27411209842
Acer,2.4777038416294017,16,512,11.45887973299588,2.0438269913266485,17064.361782900898
Asus,3.543624271227979,32,1000,14.458834625346524,3.2336122016355624,32948.390259346575
Dell,3.270430221613204,32,256,16.211837838940554,2.0437014642538367,10410.68801937096
Dell,3.345084041065926,16,512,16.467009711080475,4.354309045474964,17857.15877167418
Asus,3.714944370590468,32,256,13.771060887650664,2.8335354896196963,11008.9067734798
Dell,2.636849639084648,4,256,15.417438860803,3.1008842210216017,8951.260150923878
HP,3.939025502149787,32,1000,12.498632974679118,4.098789599070585,33254.52420078501
Dell,1.62053009715139,32,1000,14.601688763168225,4.008070952722245,32533.06771514721
Lenovo,3.952965445068559,32,1000,13.08177595840735,2.0723305802260006,33201.8544477546
Acer,2.1840666657041647,32,512,14.928254452137796,2.732484826148459,18194.156696522925
Acer,2.4332732906993826,16,512,14.60661617374597,2.090063996447216,17299.66299417338
Lenovo,2.449231020418168,16,512,14.501341803948913,4.668729854991477,17407.53842775571
Acer,2.342507941078216,32,1000,12.045460409872277,4.657741986492274,32795.04127811074
HP,2.719635109815906,4,1000,13.643441168073844,2.011511436523403,32307.19075540181
Dell,3.219714305752033,8,1000,12.112236674495067,4.806134483921352,31560.65712430021
Dell,2.019715637865068,8,1000,13.748133270009554,4.374390622668557,31568.083455808148
Dell,2.975737356287019,4,256,14.154537317354809,4.831784850429374,9126.589411524554
HP,3.487023871874824,32,512,13.76913756553164,4.650694185110571,18463.78294548897
Asus,1.8988617002829709,16,256,11.471346985542365,2.6738073202246544,9619.819786074037
Lenovo,1.812964480506376,32,1000,11.082191302453488,3.241036036955781,32866.042977926394
Asus,3.426018544519483,16,256,15.955506243896185,2.037023138181122,10323.867354410397
Lenovo,1.748603481898363,32,512,14.10073963476895,3.2888685916905325,18295.118647808857
HP,2.7735553203744745,4,1000,12.714197564268588,2.2168308427195296,31378.489586473937
Lenovo,1.946361655135834,32,256,14.118225577366903,3.502132777510014,10327.843844709536
Dell,1.7026155397691198,4,256,16.08756730258009,2.516258097357879,8938.607532046088
Lenovo,3.148384805514457,16,1000,11.957749408593005,3.0176608951753514,32045.64145051028
Acer,3.237588072146383,16,512,12.906168185282972,4.137996856959633,17326.62382491818
Lenovo,3.038048595577527,32,256,11.258314416294011,4.175861253063665,10615.154383936717
Lenovo,1.9190480407207944,4,512,13.1828578468456,2.959229586223085,16430.161831411904
HP,2.634473853459098,32,512,13.87097669753577,2.998342606882386,18769.15165707092
Dell,3.514175382375133,8,256,12.195475726449883,2.6283673085285333,9431.367188490723
Dell,3.305667329639148,4,256,14.784202826952711,2.387523335729332,9107.981058442165
Lenovo,3.813921282266941,32,512,12.871904121958512,3.6986450472578496,18534.108629919712
Acer,2.364707642382392,16,256,14.347564670904204,2.493885284776006,9603.56820750981
Acer,2.745489291132848,16,256,14.69788695339738,4.23421018348763,9848.92119756115
HP,3.080660719798826,32,512,11.425349455347712,2.8891760206258503,18167.2998292549
Asus,2.951470875695109,32,256,14.009092768878403,2.625765103223152,10781.539201207572
HP,2.8771434265228484,16,512,11.093049983759553,2.349433549020011,17694.48203779271
Lenovo,2.4732390351049416,16,512,14.58257462112032,4.512592502228167,17108.252961770988
Dell,3.223662422843164,32,1000,14.78986109049735,4.871590890557704,33137.46096329069
Dell,3.6701417252686257,4,256,12.654544426647687,3.204492831694629,9268.415327997422
Acer,2.7994348713900443,32,1000,11.018845436288732,4.423153459944439,32767.274320916287
Acer,3.547972148566976,32,512,15.766884907121035,3.982395589072731,18168.94249970969
Asus,2.2328693256525334,4,512,16.553133247111283,3.476696945547225,16746.84865578127
Dell,2.580837002606505,4,256,13.491445834004242,2.6055255060912743,9058.405539825571
Acer,1.5779578376532115,8,1000,12.520143020357969,4.053878582794899,31123.00052356164
Acer,3.671557919889027,8,512,16.41856236725923,2.498224557000541,17203.63995723219
HP,1.909059552979173,32,512,15.929887597770628,4.857245917989931,18466.37465706616
Lenovo,2.0212762858933395,32,512,14.394129032846037,3.341603096649314,17879.225669647967
Lenovo,1.933811287466272,16,256,14.610092984109777,2.782755738950504,9654.234216413864
Acer,3.5196148548531463,8,256,14.65964935157631,4.830722432105532,9647.162498392676
Dell,2.037350946476892,32,512,14.081666279265947,2.1274097277696,18215.27563711241
Acer,2.955426150440683,4,256,15.474520274456756,4.598877307946544,9160.564023519024
Lenovo,2.040095456273999,4,256,12.301737475183277,3.6558090831814,8921.533462229636
HP,3.2939944141454407,16,512,12.770434095585856,4.059541829129758,17324.524093174547
Asus,3.898941610802584,16,512,15.92256092155412,2.344719030085731,17641.599962965385
Lenovo,3.544585540437554,4,1000,11.038611268980777,4.4097347139944185,31661.825527825305
Asus,2.853166446690276,16,512,14.249878509300558,2.590663615327051,17676.859114647952
Acer,1.5303019366097332,8,1000,12.946074846170337,2.904389178376402,31472.847052929457
Asus,2.8755663553906543,16,1000,13.73371493862351,4.020639734394173,31740.326520636645
Acer,3.4969580894341634,4,512,13.57765155279418,4.797633768057352,16854.30343210921
HP,3.936982905366958,16,1000,16.857121849928504,3.3216174796189843,32525.79468505247
HP,2.739689337696927,16,512,15.458489237788282,2.44508101186855,17811.473268566835
HP,3.5972452161148354,32,256,16.439433264032978,3.698214939344495,11038.928125612205
Dell,3.721870199672443,32,256,13.427411938424104,4.094595292029499,10692.554536342968
Acer,2.070199429872331,32,1000,11.853531438660893,2.9347152187466867,32752.14531270553
Lenovo,3.7887207439701047,4,256,15.835067195706998,3.46710732592286,9477.922638839167
Dell,2.1556601107495625,8,1000,16.92595755404751,4.708116531336069,31442.69518248657
HP,3.6021789485648066,4,256,15.345395285671696,4.3889019902453965,9261.621121538949
Asus,1.6369040970550783,32,1000,11.585085953845384,2.490009944267172,32764.2744311928
Asus,3.243678654173209,4,1000,15.98820623733182,2.97705440619186,31654.48791516093
Acer,1.766482575769977,16,256,14.533598449673384,4.559987649676364,9611.790008278744
HP,2.263810776645059,8,1000,16.375305087155958,3.817778586242742,31579.969088229787
Dell,3.628017285121922,4,512,14.080209261349491,3.114639533959623,17087.547262123375
Dell,2.185538005871675,8,256,15.702634334103497,4.467017334370542,9469.108520618654
HP,2.4275969074615067,16,512,11.7676215470707,2.3857894578816574,17545.41450124221
Dell,2.625927340645463,4,256,16.374187779196234,3.0179685069671334,8836.578529356853
Dell,2.615014432394889,8,256,12.206592364656004,4.4367743629710255,9435.386839490424
Acer,1.512349952336024,4,1000,16.419788086254265,4.8956289156372055,31192.302691149176
Lenovo,2.107930477498635,8,1000,15.440968212568778,2.8368142282204305,31362.16189438691
Dell,2.716672353561757,32,256,14.311262818527114,2.760838312579125,10572.38104129128
Asus,2.501907652188315,32,256,16.892297222095777,2.135883930839232,10566.171029177392
Asus,2.630497570708588,16,256,15.122234903494885,3.157818532810782,9804.015334953754
Dell,3.4658625360388804,4,256,15.073870958228252,4.028315077443056,9471.946769197091
Acer,2.849892825701399,16,256,13.541287495951378,4.282657933014529,10273.94804271075
Asus,3.735248009197836,4,1000,14.085206240056037,3.353579574352171,31588.887165963664
Dell,2.993532755425771,16,1000,15.205205815168592,3.088260801197456,32153.74242481181
HP,2.1768616828588847,32,1000,16.94217069199023,3.333584759150479,32993.53208719504
Acer,2.212182254904807,32,256,12.908297435305512,2.6645518163393174,10603.04588948062
Lenovo,3.42730461161013,32,512,15.80808795124285,4.07217894533979,18459.19946222812
Dell,3.3204718905090083,32,512,16.158943012347656,4.682795354769242,18787.381530683822
Dell,1.7761852828284868,32,256,11.710490235055593,4.101295397469512,10723.115825341803
Dell,2.075022093219258,4,256,13.241121061398124,4.341043588220476,9340.21826144707
Lenovo,1.5244271185479592,4,1000,16.16627179701987,3.8368272970816175,31156.942850384727
Lenovo,2.523529130478101,16,256,12.044490051868577,2.004038812869691,9415.94255327567
Lenovo,2.535324381322318,16,1000,15.608769070285293,2.736651877833473,32511.825418557142
Dell,2.348625481357015,4,1000,15.112372060676034,2.3827105237141124,31209.082072609664
Acer,1.650355856501963,8,512,12.523626631542175,2.6717737633897687,16788.156231149962
Dell,1.8271841517958745,16,512,14.703312835267404,2.880604377375981,16922.99041879282
Acer,3.7363805672352286,32,256,13.241328806286091,2.753240310995503,10905.979465289627
HP,3.060372269622836,4,1000,11.012111106489405,2.0162147710180096,31828.83010465009
Acer,2.229156446773258,16,512,14.82993343875096,2.337093445846957,17642.368258108138
Dell,2.6217340565563267,32,256,15.248731009403752,4.878416548866236,10617.701964091477
HP,3.745135723601784,4,512,13.58324125704314,3.0344528232385093,17076.68132855591
HP,2.618006351262089,4,1000,11.949823400633688,4.6352475891348845,31165.01940345165
Lenovo,3.048969887244574,32,256,12.728032075544249,2.7255145862460592,10674.025311431891
Acer,3.544917560297656,32,256,15.551011285498344,4.621624866563055,10574.274152103791
Acer,2.5533925056926754,32,1000,11.728972346526591,2.2239152932382864,32629.16325767026
HP,1.9450899171743783,8,256,16.104081563629077,4.201716131005608,9280.14242169389
Acer,3.696574965887895,8,256,15.239805580805578,4.747364718362381,9506.548360762825
Lenovo,3.236741177136067,4,256,13.996590619201012,3.6630700436491073,9141.792983885032
Lenovo,1.711980040114508,4,256,16.56149807798665,3.4408827763740675,8807.696701661907
Acer,3.390408322238115,16,512,15.70100048507154,4.126697338319948,17409.086291686537
Dell,3.290376685557984,16,512,12.755098552857511,3.387780641315459,17524.667582559297
Dell,3.068763658045925,4,256,14.248217660943611,2.461758529348715,9384.824877131963
Lenovo,1.963813789257803,16,512,15.959912344763843,4.041674485337304,17330.027682309257
Acer,3.346123023128317,32,1000,12.197031889577651,2.015418882756681,32925.40344540765
Lenovo,1.644606691408491,16,256,15.658935815906109,2.000559584511989,9608.2795423112
Asus,2.737866317534936,32,256,16.9353065237465,3.843200022293972,10433.695261078468
Dell,1.7452064519606114,8,256,15.68113561089797,2.942131420755297,9134.695215844837
Asus,1.5274895716462011,8,1000,16.977573719149262,4.417936702602751,31521.46090508398
Dell,3.671169939744782,32,512,15.633806090992056,3.9834220352860896,18366.44450856108
HP,2.9861908379654327,4,512,13.774347061475243,2.697909915160325,16510.33181488892
Asus,1.7133741701966096,4,1000,11.976890298061182,2.513884873465011,31339.1597419048
Asus,3.668235502399506,8,512,13.09966963717784,4.035473505951744,17166.348856397115
Asus,1.7526145275266167,8,1000,13.787679012853824,3.2393221931814327,31730.7663560954
Asus,1.7943777072253528,8,1000,16.340342152791514,4.332366401547157,31558.996663829734
HP,2.481233891016712,32,256,13.414009731423995,3.852587345186935,10231.289820993528
HP,3.678842015380941,4,512,13.663155130527809,3.4350064450116675,17176.393504207954
HP,2.768087021720981,16,256,15.798307481712316,2.454113513789825,9642.707126680169
HP,1.7287170934943872,4,1000,12.713052680711067,2.487613962406124,31095.042487596136
Asus,2.79709514281518,16,256,15.785284163223196,2.5833429332950657,9593.110592180388
Acer,2.797649477270676,16,512,14.793428905207165,2.801225022368997,17352.269345851655
Lenovo,3.2378613851189844,4,1000,16.13679499408246,2.243492673391144,31694.40469113412
Dell,1.6735596068652334,8,1000,15.403298784815249,4.588767180532967,31543.333126455003
Asus,2.309025547873853,8,512,12.350251257025231,3.121424326601008,16753.07735808376
Lenovo,3.990834790141855,16,256,14.00945419950769,2.3915136789123195,10192.670247531909
Acer,1.598358851671274,16,256,14.936330131854223,4.411265708035288,9252.224764996936
Dell,2.7459194318486992,32,256,15.06291447474604,3.453173556802548,10325.364732735776
HP,3.842074348311895,4,512,15.720617020142765,2.3833239583699712,17080.49072571302
Lenovo,3.476807912097409,8,1000,15.766913801890944,3.570690738589567,31547.05112729735
HP,1.9382573558941487,8,256,11.453966623424666,4.93248877462668,8962.71143253269
Dell,3.1446132615075904,16,1000,15.510057032137516,2.984480217060823,32216.957792421388
Lenovo,3.8785083555166415,4,512,13.081315858186311,2.1381891910459325,16986.151280130784
Dell,1.7191068669095964,32,1000,16.38646139905835,2.043143707952459,33267.88053404709
Lenovo,3.001292151084133,32,1000,12.224147994431473,3.64008898488902,33063.16548039221
Acer,3.697795768905412,16,512,12.222002826636109,3.651415331308821,17844.559013165475
Acer,3.0428624665100754,4,256,13.374247781442756,2.625198720854995,8975.326466281276
Lenovo,1.8289192128181493,8,256,11.996130941857164,2.7672311046449014,9029.916399804506
Acer,2.8129084591676503,4,512,12.153859376201764,3.353799842219343,16815.944966357143
Acer,3.802104706543431,32,256,15.693027578547476,2.3958959588718853,10915.05717304083
Asus,3.499638139868288,8,1000,11.302933666474448,3.951275746471593,32336.20253073521
HP,2.1640001064717653,4,256,14.063370772456029,2.1142589017979576,8909.468097718878
Lenovo,2.8223428350680297,32,1000,13.308821703326618,2.1442769312361065,32808.856450782005
HP,2.926524366597074,4,512,13.02488195404939,3.799903574783198,16893.740258565627
Lenovo,2.6359433363999023,16,512,14.716060724821467,3.736895960887413,17300.98076961925
HP,3.2210059910693403,32,512,15.724240070030634,2.8647547315021056,18502.21699683582
Acer,2.17015910205719,32,1000,12.497146201029492,4.29748711770473,32689.03038985435
Asus,2.174374028792474,32,512,16.642515243804482,3.536644123031155,18293.33190003984
Asus,1.5916785673338574,16,512,12.144355925545367,2.1713514901113298,16969.92215343469
Dell,2.987694826750637,32,1000,12.748974445542338,4.511789021415527,32908.69340148634
Acer,1.9660956553606364,4,1000,15.073386350467043,4.617965216528166,31435.52408550944
HP,2.030112099770567,16,256,12.878979210978663,4.536960566832027,9600.27269279034
HP,3.019762731983612,4,512,13.016042353940652,2.425982778056254,16908.293955737794
Asus,3.817586361990767,16,256,14.909094099973355,3.888885034815778,10138.50213465183
Dell,1.8005226384265212,32,256,15.635097716476425,4.959689342343231,10195.392260005525
Lenovo,2.288517239370032,8,256,11.783007584703103,2.897696012903181,9453.54246975951
Acer,3.5432444249062343,4,256,15.114203257601863,4.102176563852791,9415.264080027056
Lenovo,1.5960658724058123,4,256,15.142434331466433,4.498812176955983,9495.625371845676
Dell,3.1588434300417765,4,512,16.611782591271965,3.642244521139178,17124.220074695466
HP,1.76416171065436,4,512,14.22669760844826,4.474420843939492,16619.368307116365
Acer,3.7860298648124,8,512,11.300111460926674,4.400619043050737,16953.654943429603
Acer,3.565169075631321,32,256,11.16350007170489,2.417006615597233,10560.36350044493
Dell,2.2428042890579376,32,256,16.309785849083525,4.26900280874866,10314.43387717169
Asus,1.8116567030081672,16,256,11.096371189886035,4.254358833378031,8971.512504748447
Asus,3.50432020767448,8,256,11.363629446289458,3.30215652824287,9071.15239871061
HP,1.8716568193827825,8,1000,14.767960295624588,3.2231473119956755,31673.696226693915
Acer,2.6900453234219164,4,256,12.826955196493705,3.4621533250161285,9213.792839595322
HP,2.6244616220533064,32,256,16.65904893776771,2.6947970742916967,10404.656364747576
Lenovo,3.737041640151319,8,1000,13.721473999537004,2.9084896669362266,31622.75570204865
Asus,3.4007245578053373,4,256,14.356432554364142,2.847103757127969,8966.377697268257
Dell,2.105112539656319,4,1000,13.274765950253885,2.974768383219924,31523.85503748275
Asus,3.874902959875564,16,256,16.228810528259203,4.79192742905588,9968.179815116977
HP,1.9894449642088647,4,512,15.173747914124348,2.212747878463938,16526.28524127009
HP,3.514813500294053,4,256,12.225480553473004,4.379385613889169,9320.050038383062
Dell,2.243372518431377,32,512,13.659839057103053,4.083961318430526,18151.5867749036
Lenovo,2.3337479292278607,4,256,14.205743311362054,2.26277389221784,9264.933977469056
Dell,2.8382753286314792,8,256,15.27707597516573,4.629841481047675,9197.072872167342
Lenovo,1.5778352072112785,8,512,15.000631458703385,3.362835190369468,16841.407279690808
Lenovo,2.149533021862585,32,512,16.306130902734523,3.3313140172767355,18385.20376962034
Asus,3.564541876411907,16,1000,13.556425865756582,4.685195866553737,32221.27948039033
Asus,2.6855355416436595,8,1000,11.459814838851493,2.358685993256169,31872.56841517933
Acer,1.9409674662655585,32,256,15.852739907381231,4.182587690675285,10174.195207302795
HP,3.61089270684904,8,256,13.726418926879717,2.163535782313479,9506.2435788224
Dell,3.0423172959393554,4,256,14.97490368164965,3.831132485954983,9098.353074666707
Asus,1.6811172194863973,4,1000,13.488890716333684,2.152924631067328,31332.93246684605
Acer,2.7206028425544453,8,1000,16.985736933508313,3.4975968405239954,31701.98531413684
Lenovo,1.8192837090880871,4,512,11.694207909081811,4.213641245506227,16631.665778958082
Dell,2.797704462840545,8,512,14.757934109937173,4.379189085111968,16839.889865827867
Acer,1.8810400333260435,4,1000,15.488964958326113,2.8508237702514085,31081.277606638618
Asus,3.498539697422448,16,1000,16.00185880486375,2.968179718179915,32141.824638347352
Asus,1.5904009513119053,8,256,16.93659059467779,2.636856925005774,9290.096987341743
Lenovo,3.001485833401543,16,1000,11.3107153323969,4.857550369053795,32210.84467814835
Lenovo,3.266189316217253,4,256,15.486766098556236,3.705656766813836,9365.556673166084
Acer,2.31168981722515,8,512,13.757904917957434,4.617877656457689,16945.635712780964
Asus,2.002334221647641,4,256,11.553007750834594,4.212229832935838,9111.31193516215
Asus,3.6768747531812784,16,512,13.122180119484405,4.494622359012997,17863.34574876797
Asus,1.8751216617349609,4,512,12.14679253069338,2.6497375568817225,16647.177496646727
Acer,1.9157084218901983,32,1000,11.46287101123749,4.1805164931447125,32653.960197510933
Dell,2.598779221582276,4,256,14.189966142586895,3.8575041327291753,9101.456489806602
Dell,3.684725193906288,16,256,15.024053152293954,2.074052471673754,9941.850074437516
Lenovo,1.6985484224724663,8,1000,15.934967895741362,4.424203451348068,31646.72338510003
HP,2.79602005486301,4,1000,16.689509226740476,2.060069689196563,31571.913188565733
Lenovo,3.004029550365828,32,512,13.613868742739058,4.792472224970343,18286.888598140027
Lenovo,2.35454337924469,8,256,13.704118849633478,2.405240438677282,9143.215708902308
HP,3.810990488441326,16,256,14.320281127194486,3.09401202870301,10027.7082709325
Dell,2.3114645747506755,32,512,15.56254587009483,3.940511686779143,18116.165590725548
HP,1.71377132713617,16,512,15.174784865932669,4.342758069158272,17155.73800658763
Asus,3.2012482551867825,4,256,15.48703144647243,2.022002452508541,9219.619833608687
Asus,2.051924031971901,16,1000,15.720250044243857,2.582488607138247,31988.681010326505
Asus,3.5149813744378955,32,1000,13.038621453793064,4.559727407591353,32982.441006081084
Asus,3.923530805838219,8,512,16.920374609005094,3.081126477089512,17155.42246340321
HP,1.559096465115841,32,512,12.63824371596684,4.23208574104303,17766.404122596145
Acer,3.676883625843148,4,512,12.392334438206936,2.9181414986863143,16675.425035779714
HP,2.590316322838292,4,256,13.69450847006568,2.4301861100326776,9328.964725005384
Acer,2.988462543300109,32,1000,13.344092665915635,3.0125973976514566,33151.04094220564
Dell,3.750046604620264,16,256,14.281255795256268,2.497703073112359,9926.27477787204
Acer,1.82521560032658,32,512,14.296055869416543,4.36322656490711,18033.55330712699
Lenovo,3.3340359514035054,16,256,13.602623396108106,3.0285168944163523,9953.512205585715
Lenovo,3.3305622160239032,4,512,11.169867646416009,2.6771831715173824,16609.82135919522
Dell,1.5759676492420922,4,256,15.37678261898998,3.4569405960028314,9049.026871794313
Dell,3.8175024198107375,16,256,12.4774649658236,2.0622740963718926,9702.78754189184
Acer,3.5996532571668007,16,512,16.95017644023471,3.129244887562082,17606.220337611598
Lenovo,2.560326678255965,4,512,15.026331703159489,2.743620076185271,16372.175283874409
Lenovo,2.3874907645798435,16,1000,11.82253674847254,3.195927482639192,31720.062940320862
Lenovo,1.8521425509494995,32,1000,16.276046121059167,4.277260797666916,32801.64628030737
Acer,3.802119619539217,16,512,12.908626681420833,4.017169438396113,17611.820387024287
HP,3.595288224120276,16,512,14.352595667746384,2.076709397269204,17769.029726326044
Lenovo,1.553173527125968,8,256,13.46656165328264,3.422492888815959,8991.512288250062
Acer,2.375313147916825,8,1000,16.708652172354086,4.957415962550617,31908.592069712
Lenovo,2.918280549072259,8,1000,14.597765410759528,3.40394138743413,32024.43102535619
HP,3.7725813016641023,32,512,11.05223688237526,2.4938615397095143,18579.28840455552
Asus,3.8346875438197614,16,512,14.948495508495142,3.121841403437202,17539.352432879663
Asus,3.5075647445816585,8,256,13.586674430582027,2.7669172813860845,9681.81450367459
Acer,2.71765479704734,32,1000,12.343895275190487,3.524425155995583,33108.08855567776
Acer,2.699689050759772,32,1000,12.780720092119104,3.9588489744135273,33111.68849986043
Dell,3.610426122422993,32,1000,14.985210278430714,2.0738539515237155,33489.96968925737
Lenovo,2.7817212775412714,32,1000,16.88261342162223,3.497908838042976,32706.13245163676
Dell,2.565453255589932,32,1000,11.378841757564349,3.155307808469089,32648.154658469608
Dell,1.8422140751720184,16,256,12.375031707284972,3.776050528367189,9771.526709907295
Dell,3.969463800537218,8,512,12.496749225759396,2.8235200205212347,17321.502772469725
Asus,2.269824853977977,32,1000,15.449615716710714,2.020444093700384,33188.9231533668
Asus,3.655036205681556,32,1000,16.56861101305872,3.5110658279847167,33239.412259576195
Lenovo,2.364837481367408,8,1000,15.655469196843836,2.3140279116066003,31335.581651372893
HP,3.10243019336333,4,1000,14.92496092571659,4.558779151563744,31838.33720666597
Asus,2.31615327060998,16,256,13.76700140752346,2.0500274404695173,9751.863110692431
Lenovo,3.574354509268004,32,512,14.076358365570655,4.4165777407281706,18492.16211284153
Asus,3.128550970879661,16,1000,15.903513868200928,3.9002352207263815,32252.67601295525
Lenovo,3.1186867853865072,32,512,12.199047627691638,4.587489522204756,18423.12109446953
Dell,3.991742134632442,16,1000,11.548244629162456,3.7273575883232346,32360.21331265167
Acer,1.8047152333423688,16,512,11.248995003098477,3.2475840182238427,17030.91419141605
Lenovo,3.827371738767445,8,1000,14.439339166697549,3.637770599927,31735.42443245162
HP,2.167570675423553,4,512,14.650453615280108,4.374229251520927,16675.250768956474
HP,2.954928504785997,4,512,15.236951012714323,4.903408212945455,16709.94541814983
Dell,3.889128745574384,32,256,13.906066557749051,2.644749594160157,10742.170263455198
Acer,1.7664956328344297,4,1000,16.191160084386865,3.496913350741298,31216.57452719055
Lenovo,1.8502829394161315,8,1000,11.040092775343329,2.9714587247072943,31515.502993169488
HP,3.271861744357441,4,256,12.309559236162375,3.4485538232303146,9273.581909907169
HP,3.1595113190545128,32,256,14.28342512252386,2.002788250609884,10307.602054620887
Asus,2.941291188785634,8,256,11.505807887668102,4.018541400465635,9054.153840394143
Lenovo,3.9396843872751344,8,1000,12.265317366084728,2.6037913644034174,32150.73202907923
Dell,2.9755766671727177,4,512,11.866325792802003,2.2762962625987693,16795.165118189307
Dell,2.6865771893745345,8,1000,16.950637285875494,4.709670882034121,31553.39887164781
Lenovo,2.569432834339656,16,512,14.431473223103604,4.499613069790023,17291.107749054692
Asus,2.0791792534586087,8,1000,15.17976362730434,3.400184281303851,31803.593813995874
Lenovo,3.933722422943492,32,512,13.704657703318183,2.0630633201786512,18544.964478764847
Acer,3.409014485399402,4,512,16.634342575803124,4.829185692220914,17204.64783482446
HP,2.992107122292224,32,1000,12.23730443050484,4.440303446972792,32653.09999958263
Dell,3.875593384552006,16,512,14.593072400476634,3.659335913175114,17781.52417157112
Asus,3.129167063439713,4,1000,11.565964557746264,3.354696759816725,31685.19704607659
Asus,2.296881257330175,4,256,16.306259282137827,2.8467874112387985,9385.939545131734
Acer,2.6284675608241885,8,1000,15.660742900443363,4.564417336397785,31803.034281971497
HP,3.534925673765047,8,256,12.888954976109892,4.560963646823335,9429.518083614452
Asus,2.092176397436205,8,1000,16.633978532515865,4.586228427729791,31551.206902054804
Acer,2.279540332713149,4,1000,13.664691478977993,4.0142182179312105,31431.96659934872
Asus,2.368928810597456,8,256,15.198231236596856,4.981351926134517,9282.277068695445
Acer,3.556201409085902,8,256,14.71543419232149,2.347469246710383,9530.952687533918
Acer,1.5561732708002936,16,256,13.313681077193888,2.366022240730667,9168.638971150249
Acer,3.1671606438652606,32,1000,13.4166549993974,2.939799429741832,32953.47077163469
Dell,3.374129579357312,8,1000,13.586521175739737,4.474561302461311,31582.162950992373
Acer,2.079867740289939,16,256,16.649197461706645,4.75352264928066,9725.353722230924
Acer,3.168874748228676,16,256,15.260795843387225,4.466684337731032,9936.623236873858
HP,3.025834458277296,32,256,13.511493713188935,2.5023792335539654,10601.345449746035
Dell,3.125502730995384,16,256,14.337968043542476,3.2779925584052845,10061.27182276968
Dell,3.8131207935391647,4,256,15.323393291866438,2.960081949687176,9094.784528168608
Acer,3.261701906841617,8,256,12.676495305056433,3.570221555202416,9283.177998259893
Acer,1.6533740677766704,8,512,16.443493666138437,3.9732961498178,16947.904214676655
Dell,1.6085313321370478,16,1000,15.068682985725252,2.4120852379060227,31723.780730333
Lenovo,2.0666410055674698,16,512,16.699398009476454,4.659507579925707,17459.095727992164
Asus,3.9871657929244178,32,1000,15.260688598023677,3.578247555252209,33122.00019262631
HP,2.290390262441876,8,1000,11.702070349147675,4.658864649367153,31522.5034922794
Dell,2.45155823369145,32,512,15.571301671174664,3.990087602044044,17863.49092017457
Lenovo,3.02745247212748,16,1000,16.097205292927406,2.778809851125436,32289.025217302365
HP,3.0815547328348702,4,1000,13.48982729240047,2.7934154500015724,31513.2969159367
Acer,2.4397207128644234,32,1000,12.188573100321737,4.074248172539456,32815.18251283006
Dell,3.677422809365214,8,256,13.717466421605664,4.19052035993203,9555.867038172206
Dell,2.5444169554183347,4,512,16.289974893996277,4.680905760038401,16773.987493471064
Asus,3.173717387995475,8,1000,14.138858124182992,4.854190585937318,31923.10697935266
Acer,2.683024766728893,8,1000,15.241027134683248,4.389453167988743,31587.74709239849
Lenovo,2.918852120653895,8,1000,16.550283052058088,2.543676683149129,31904.03391572949
Acer,2.1485585835782315,16,256,15.03233623251352,2.455326229553306,9819.847510197049
Acer,3.2386680167246555,8,1000,16.61103252035896,2.9214369443126347,31753.56091948391
Asus,2.297751183108139,4,512,12.296360697468598,4.412287008900778,16631.41956585275
Asus,3.6285623943627394,4,256,16.47735466841945,2.5828207130054044,9310.97376700503
Dell,3.341005037664101,16,512,13.08237421099637,2.412889203195084,17572.439863049596
Dell,2.517269901807176,4,256,13.25918172673579,2.730713377593896,9121.350285490576
Lenovo,2.217595332937282,32,256,13.319721035803006,3.054626780149094,10425.0758545074
Asus,2.59400781013848,4,256,13.653513659117356,2.936575651359164,9277.58422575505
Dell,3.981208755395938,32,1000,14.367534068449544,2.978846454706839,32878.791390917366
Asus,3.572288685376693,8,256,15.855946389711574,3.2778131254008183,9925.178427088164
Dell,2.4772649897637864,32,256,15.705237046191602,2.3240868724747377,10270.601136617244
Acer,3.69628890325337,4,256,12.763694606101383,3.3362285633173605,9262.458812489702
HP,2.8424360572335337,4,1000,16.245024092942156,2.333626242014656,31150.0767844416
Dell,3.6703556359437632,32,256,16.419144673006574,2.4294840734335788,10521.560806348574
HP,3.208238441516264,16,1000,13.778688283025067,2.4288826328022566,31931.005252814022
Dell,2.4188360557288284,16,512,12.388880575477929,3.3508474514945776,17402.130812294912
Dell,2.497056952242251,8,256,15.7760444145637,3.4063696415203726,9217.345503076524
Dell,3.0465284455379606,4,1000,13.239446938275403,3.810002588636104,31840.45411465564
HP,3.994835276333344,32,256,15.443756893366224,3.5696391649126245,10697.836784094568
Lenovo,3.272615654306082,32,512,12.773927249674912,4.607524572209262,18247.31759738773
HP,1.8708580024052224,8,256,15.191183751254822,2.985674449657396,8960.49719990869
Asus,3.097799844538751,32,512,15.907137833930175,3.896057625267309,18564.873708531173
Dell,2.0456347196626603,32,256,15.52319044302155,3.884358593730716,10059.050423626955
Asus,3.079533817541671,8,256,13.344530913977822,2.3493767914451373,9433.443385229784
Acer,3.9074800096474864,4,512,15.549603752336354,3.323451656691897,17120.15347016301
Dell,3.2435506681171,16,256,16.54736633226083,3.776904113186287,10254.303767339708
Acer,1.8427742643224976,16,512,15.970928803371446,2.2428612083470645,17261.630105190296
HP,3.7001977189036457,4,1000,12.307452249512082,2.365638505344151,31787.82542207305
HP,3.000051370298259,16,256,11.415969982326589,3.7630910548626377,9864.41377714835
Dell,2.914329909989478,16,512,15.375408457481855,2.9450311171301946,17455.300773342526
Dell,3.8405306156092247,8,512,13.482964791924775,3.898407831984521,17332.942777748834
Acer,1.5749339746816948,4,256,16.593936549373264,3.1948416472671632,9026.508630007324
Asus,3.093003692020701,8,1000,11.314347773569168,3.80415221206569,31359.91338744827
Dell,3.23040335423533,16,512,13.277700586710022,2.5980364684135493,17622.2145575574
HP,2.5812446958253297,32,256,16.77356867965494,3.6855913694285554,10583.974206579704
Asus,3.841514230737404,32,512,13.82520413733906,3.861113756371163,18728.750414928563
Asus,2.2578208898633214,4,1000,14.446620535233237,2.346675130041896,31460.13124201373
Acer,3.735477186660296,4,256,13.914904573475788,3.687288122353763,9259.826095812132
HP,1.734751789473546,16,512,16.125564733984014,4.385174052818393,17543.33453761382
Asus,2.802394943180105,8,512,11.190670906143946,4.5939570638082365,16879.609624413744
Lenovo,2.596538547973976,8,512,16.351358619539376,3.0849412845231337,17055.855772547548
Acer,2.103003643998853,32,1000,12.40338158883322,3.798118978615959,32927.59822898311
Asus,2.730694641120087,8,256,15.959710073014932,3.768960485454643,9404.819380443085
HP,3.978139984255471,16,1000,11.642343071325117,4.632356379809506,32493.058447151387
Dell,3.179731858996821,8,512,14.332972544635162,3.3030844944236533,16959.08793158975
Dell,1.663390851997356,16,1000,15.973227657517752,2.697623994862565,31815.64050789825
HP,3.008621483453445,16,512,14.879602663691973,4.029933904459543,17324.418211582888
Lenovo,2.4578463206237435,4,1000,11.177024330871236,2.452062461002501,31218.30819917556
Acer,2.117758085025366,4,1000,14.855465661941803,2.945031521550274,31343.017188686004
Acer,2.6310987903317336,16,256,12.36036429397978,4.611901644450471,9912.491624645294
Dell,1.9988561273228629,32,512,13.252646658007476,4.7358787525989,17853.61070804924
Dell,3.2976147629606136,16,512,12.99820923083239,2.7609066665421147,17684.869162090497
Acer,2.7429369100210685,16,1000,12.516790664094636,2.802245835416323,31778.847134015232
HP,3.806892976283486,8,1000,16.069173964937796,4.48745192085242,31881.83967839809
Asus,2.4003410186787977,4,256,15.132575244868192,3.507396949288297,9287.756516757589
Lenovo,3.0589642200068994,32,256,15.69230461558255,2.355981843423616,10903.73248244458
Lenovo,3.5688447389171856,32,512,14.00286389520031,4.436978540741185,18519.25082369232
HP,2.847903191688136,4,256,11.525291984166683,3.58269094699826,9197.983310634145
Lenovo,3.6392411702657146,8,512,14.29763761118454,2.2986395384263254,17146.71360929845
Asus,2.980875821483405,32,512,11.331335124458173,3.764280912816341,18381.45293473955
Lenovo,2.3496874094201656,32,256,16.42135066059518,3.4761634681472016,10668.632633116544
HP,1.953595869239068,32,1000,14.920300990872084,3.422018797845335,32690.20316177008
Acer,3.928487735104099,32,1000,14.783485649498552,3.154197729522335,33354.90259562436
Acer,2.4904317290231384,8,256,15.224499627928036,3.915051732261295,9137.90627075809
Dell,2.001311816750842,4,1000,11.094457477974062,2.066655446076741,31485.28470990025
Acer,1.6002729785312062,32,256,13.612361877054417,2.18270579929848,10461.214760305716
HP,1.831311681854621,4,256,12.992658699848748,4.117868709740021,8771.368296242576
Acer,3.6823645896910207,4,512,13.817153252263177,4.966506594167493,17151.988889149306
Acer,2.2524089173670405,32,256,16.169082243361363,3.336159577933617,10425.010327871876
Asus,3.231090378310924,16,1000,12.793142811554183,4.44521630202742,31821.55349048893
Lenovo,3.0522887944186925,32,1000,14.508008540994949,3.245374818604163,32836.15779017243
HP,3.4513137881096547,4,256,13.7168822852655,2.316215857868501,9110.314750358611
Dell,1.7228110802900416,8,256,12.4404244429254,2.515629536407773,9034.603152020143
Asus,1.5985670284212647,8,512,16.6551878451207,4.673954619080896,17025.47405293858
Acer,3.2680965857834963,32,1000,14.990877165430431,4.193472033364752,32917.990718167515
Acer,3.556535796284196,8,512,11.989308659390831,3.5389380494627223,17121.005091843883
Acer,2.004633630307371,8,1000,11.78992153275955,4.764540175722254,31446.97748763949
Acer,1.655729495325157,16,1000,12.899520559451908,3.237099461824043,31852.20156348976
Acer,2.9633859109918803,8,512,11.269768649549306,3.248788342063722,16951.439990127954
Asus,2.5338727538133785,16,1000,12.762655437046345,2.365664247596812,31925.07691690721
Acer,3.670681263520952,16,256,15.147270856319242,4.7240452681249225,9974.814913952585
Dell,3.8360900670137856,8,512,14.338737234952738,2.3968638429531146,17330.837860127278
HP,2.5889582870323324,16,1000,14.539687296810852,4.349646363970036,32023.99593577724
HP,3.170212841426616,8,1000,14.572157967551624,2.760752350989108,32097.517261509493
HP,1.9796683117968568,32,512,11.70154121315235,2.838335921956708,18287.943159645933
HP,1.7535520711230412,16,512,16.01039567273012,3.747885938121097,17134.107805427182
Lenovo,2.093858312309694,16,256,12.243637874406003,4.372073305700504,9783.633851651786
Dell,1.5553088788224931,8,512,15.489396987991377,3.628994397815808,16876.73664814452
Acer,3.0910756238590915,8,1000,14.328126258680518,3.855830867281817,31624.21771893861
Acer,3.902675793673638,16,256,16.891434188459236,3.039676279449643,9701.0888184533
Asus,3.343753120274371,32,1000,16.769080033898508,2.839237903307213,32810.02391415497
Dell,1.7392863888004042,32,1000,14.885098789060178,2.219010778698882,32607.6059829306
Lenovo,2.0866052046386336,32,1000,16.238653056585367,4.747422750052017,32824.33712037552
HP,3.793283938655607,16,256,14.000480709629496,4.470819262394569,10263.360342654723
Lenovo,1.8483901851820603,8,1000,15.35435546218462,3.7824255882693727,31389.46524464816
HP,2.4954217339773583,4,1000,14.244407402798624,2.2697487345791068,31549.79984535232
Asus,1.7022982076281306,4,512,11.459409550601231,4.852455979749294,16213.281162170935
HP,3.655106627473284,32,1000,16.23581481528101,3.717928559346754,33229.673457835015
HP,2.794279108461778,8,256,16.639590751818936,2.5843204930616777,9494.598859453254
Asus,3.059648311691433,16,512,13.04855161762579,4.198577561995493,17541.13623887115
HP,3.0850142577490285,32,512,12.54938611799696,2.5678509377480285,18159.14275626669
Lenovo,3.8618300557285257,8,256,12.965312991080795,4.3700445246796455,9905.976594804111
Acer,3.2342055644537213,8,1000,16.899833940910803,2.81185998408079,31768.887337692777
Dell,2.9175406524666694,4,512,14.326024846042069,2.5313814325947623,16924.307465983453
Acer,1.6695926477629297,8,512,14.598627889822987,3.398348877975467,17123.885107886974
Acer,3.924552612696362,32,256,11.9358851821936,2.797993079277974,11255.348016729007
Dell,3.501466747772707,8,256,11.326344491133868,4.670414160340743,9246.784871162248
HP,1.9291982146207587,8,1000,14.989967097426645,3.8681968468785,31299.78946813345
Acer,2.912102833156541,8,1000,11.503517214928577,3.94431510360237,31879.66275681356
Acer,2.6998470867928086,4,1000,13.343561645490691,2.6233502628850744,30998.00861002435
Acer,2.609375548261428,4,1000,13.439340702848623,4.295581501263176,31420.17334262457
Acer,2.563033761173084,16,256,14.764919430705676,2.637001922860674,9790.713628803494
Acer,3.730211722350586,32,256,13.981373111000291,2.5710109252851425,10382.840434256868
Asus,2.816006652340283,8,256,16.721210587109052,3.0495631525425635,9795.021054850456
Lenovo,3.817944548698632,16,256,12.33837236925654,4.532944592457147,9791.15470145468
HP,1.7743404966937588,4,512,11.794427680978728,3.5060245932175462,16565.69346983908
HP,3.4388190417375264,4,256,15.065245673021204,4.37156153081502,9362.265977008854
Dell,2.0842802047760824,32,256,13.130789886522876,2.977644027847372,10487.59944027047
Asus,3.962102997405837,8,256,13.323423627068577,3.6061038235449536,9831.389961542602
Asus,1.938428196558624,4,512,15.910217398888024,2.3824570404207384,16769.079792857636
Asus,3.78711475267025,16,256,12.89929799160722,3.658287104100749,10233.785822237818
Asus,1.5830077719784164,4,256,15.996991411214454,4.194686358683402,9109.54022824584
Acer,2.849963449289638,8,1000,14.632470545045525,3.377994322401628,31565.967734645805
Dell,1.687844454339522,32,1000,16.49154310950694,2.954786124157178,32159.48537202643
Acer,3.750057808495028,16,256,14.246017393565976,3.71228444287722,10001.832841756575
Asus,3.860148349216533,4,256,15.719134294345082,2.1974352820717296,9803.702788206429
Acer,2.5107969202607303,8,256,13.140612269739636,3.356607437310616,9956.631886857773
Asus,2.7554875258281064,8,256,11.118773950083526,3.754515895066646,9140.170447550205
Acer,3.475076090767653,8,1000,11.100537826954294,2.661526361409944,31555.484375687003
Asus,2.050458004874528,8,1000,14.273511096014886,4.636307749378744,31427.371791558653
Dell,3.9073171880939497,32,256,13.102479500061184,4.452870134913459,10424.744893239906
HP,1.5189071874453552,16,512,14.664624384110232,3.049388185422776,17192.85166958739
Dell,1.650668475723902,16,1000,12.264688696128127,4.590453825107346,31685.744847782345
Acer,3.124116622480921,4,512,16.598763406449848,2.498157564444609,17299.430104201827
Lenovo,2.658735109501431,4,1000,13.80998111560288,3.733483914534307,31494.3586227087
Asus,1.561001953891345,8,1000,12.77565733315194,4.497251550230758,31160.04319560088
Asus,2.3790567180990863,8,1000,16.138960416575443,4.93276988103513,31508.34110630341
HP,2.7289863668535923,4,512,11.10289869149119,4.96561996113712,16752.815486783176
HP,2.7038058787813752,8,256,16.095074033010224,2.9934394674924496,9296.26683615532
Dell,2.780554802031686,8,256,12.67935591347856,3.7502645570553055,9149.52183158709
Asus,3.127193422617985,32,256,11.091061293720962,2.054825209170519,10687.069407463854
Lenovo,2.4924537926857084,16,256,15.763576315159789,3.5111251612522123,9718.504049627418
Asus,3.343955753972229,8,1000,14.807835538924284,4.723206299532539,31848.65514844668
Lenovo,1.8420465772974035,16,256,15.710586284574246,4.696363669212043,9881.335513541208
Dell,1.6174149169376375,4,1000,11.094879177397772,4.974360703528376,30967.93994191266
Acer,2.946688521430984,16,1000,15.015851654971277,4.143242304411493,32560.41420163401
Dell,2.14194141930127,16,256,13.195314857341282,4.734544177597552,9877.701371611463
Acer,3.9221946382142288,4,256,16.75098701400644,4.458828659197399,9415.277230204896
HP,2.4494644504480743,4,512,15.641316451189322,2.9236223758231024,17000.04279606425
Asus,3.449627472233374,32,512,11.830612959976364,3.311154565526563,18503.891186596426
Asus,3.1545979746234467,8,256,13.46514255104298,3.612753877077697,9460.145105117126
Dell,1.7388382845866706,4,512,12.637699968388928,4.258545967646619,16440.8037442774
Acer,1.5663305096845492,4,1000,11.552571519397414,3.807409492110365,31197.896010928464
Asus,2.0266554725141663,32,1000,11.448927231169838,3.880905303586149,32722.19699170541
HP,3.843071218091128,4,1000,14.531029610953931,2.65452298877982,31629.792385278022
Acer,2.912832958973022,4,1000,11.311371797110466,3.2600122222442147,31607.60591926617
Dell,2.5652084597259286,4,512,16.361567518700788,3.636471021484507,16966.747382653815
Asus,2.136676555115128,4,1000,15.783266435472576,4.175333479799948,31341.446312517983
Dell,2.5543023171836383,4,256,12.008708770395774,3.483563375361224,8969.499667250127
Acer,3.289930572118494,16,1000,13.700699158848868,4.285027628640988,32339.842111645936
Lenovo,2.8547523684458955,32,1000,13.445797147877936,3.9988035844371153,33014.12791272006
Lenovo,2.061512057349955,8,256,16.71480270012708,3.988388822629165,8973.58968596835
Dell,1.9200355193621583,4,256,12.136360507309076,2.6955238751441795,8994.58494573542
Acer,3.272651298627291,8,256,14.478356942583348,2.033235657782929,10059.021865229906
Acer,3.859039800418997,32,256,16.330784659537525,2.7743117874814054,10483.978626601363
Asus,3.491343227440441,8,1000,16.350265191216476,2.166247665326733,31979.68968343873
Asus,2.337797135647855,4,256,14.126439143050328,4.357775828626741,9085.709823337274
Dell,2.095456952616816,8,1000,14.632896015286429,2.070597483242296,31624.8432680589
Asus,1.6903271487257503,4,512,13.702871428823572,4.609813498693067,16748.036476845933
Dell,1.865934980405623,4,1000,14.88941538429258,3.8997896048282312,31266.009292397022
Asus,3.780908364041728,8,256,16.65430072401366,2.948233051529792,9540.263683460851
HP,2.369523019755482,16,512,13.678321341579167,3.5074726304807964,17471.614003736388
HP,3.342184362360455,8,1000,11.03015931565882,4.116688134949073,31637.58171576476
Dell,3.311916928821904,8,1000,11.465844655932688,4.389525559171125,31823.64815465801
HP,1.783095114601888,16,256,14.040035893896476,2.1856571050414257,9731.982415267874
HP,2.061101429591652,16,1000,15.515829764431016,2.7874117553637934,31865.399704499443
Lenovo,2.5772188091545147,32,256,13.650478949826242,2.0568362101230635,10517.182685967558
HP,3.830070263775044,32,512,15.276666057300986,3.5106409445356586,18700.661279036893
Asus,2.2180974791352046,32,1000,12.86601496839608,3.011908509402459,32437.38944266547
Asus,2.1133727742033024,16,256,12.292066288295317,2.923659146048748,9801.241333636794
Acer,2.4982897895232705,16,512,15.736953790544314,4.153798072820305,17410.05582993742
Asus,1.6666301014017249,32,1000,15.980905897987508,3.3378666352763053,32684.106787249348
Lenovo,3.181505295562816,32,1000,13.944590040274162,2.9711924768312707,33000.20423707547
Acer,2.3325047826454948,8,512,16.238116364178296,4.975667587842475,16884.41160968943
Dell,3.045389335795297,32,256,13.815711363954742,3.469611430153233,10597.817827122042
Lenovo,3.220336765216356,4,1000,14.392519805646456,3.2925748261468124,31665.88401371413
Lenovo,1.578965362064105,4,256,15.861551520197189,2.177531215590625,8990.324452880152
Lenovo,2.839569211182704,32,1000,14.51047065323722,3.611123944225923,33045.56205147648
Lenovo,2.288225844576526,8,1000,13.093340450250942,2.678099590365956,31503.17147173213
Lenovo,3.057416458908707,8,512,13.630740291503468,4.425184646912069,17031.580627189982
Asus,3.6949358011126736,8,256,15.689033886453092,2.3546672362173795,9605.248956027845
Acer,2.192069493087629,4,256,13.84970579158249,2.3650859201800167,8931.64158994445
Acer,2.861222744902124,4,256,15.214930049530814,3.793519960537055,9232.829064224456
Lenovo,2.738728290515496,16,1000,11.210047488840834,3.934708715877068,31817.73844347585
Dell,3.017735090221952,16,256,12.765600419822686,2.7034984330222813,9932.648143307568
HP,3.170531996387541,32,256,12.360447106441669,3.90814202701738,11019.56817405083
Acer,3.6503059929730113,4,512,15.05675238552974,4.344897674159741,16837.251254164315
Acer,3.4057128369415395,8,1000,16.5471348123914,4.613754882195957,32038.621807182244
Lenovo,3.285217330331069,4,1000,16.692466370898266,3.7153679478079416,31506.824436691582
Asus,2.012849101205018,8,512,16.267906981909007,3.0119328624536825,16983.63602188368
Lenovo,3.2374547153163564,4,256,15.39802171777012,2.9959594142981083,8957.611388888343
Dell,3.7517546600281455,16,1000,13.497308353072096,2.8266097014225533,32418.225900019068
Lenovo,2.157781424777107,32,1000,11.827311616136065,4.509262768956919,32764.01284416276
Lenovo,2.141406959253409,16,256,14.037981856125608,3.2321277361749985,9829.301900203083
Asus,3.6752471847523247,8,1000,13.755135402395371,4.926419084942065,31821.65032497846
Acer,2.4975067596753258,16,1000,16.059668545618415,3.231487382181664,32025.836689022144
Dell,1.8847397658496376,32,1000,15.387899118219778,2.5929176617733907,32638.547131597392
Lenovo,2.5757647372486567,8,1000,12.87317820930562,3.73885729168441,31747.00913095184
Lenovo,2.797294263207094,4,1000,13.135826194930369,4.554782957912657,31293.44806820096
Acer,1.6052329740909048,8,1000,12.605604793170246,4.197165339792665,31566.9558113889
Dell,2.0380046800430938,32,256,15.180170668620493,4.186609413465023,10368.844116768449
Acer,2.5870683465093656,32,512,13.468036798994865,2.896348613162755,17967.132684905315
Dell,2.354680415096716,32,512,12.84142707916742,2.598234793275605,18113.256519109906
HP,2.308428905288802,8,256,15.09291896936981,4.347500433140881,9323.03963602629
Asus,3.992811250394278,8,1000,15.942604374794737,3.794027351986249,31637.770363408745
Acer,2.376567328022952,4,1000,16.69520415908535,2.817951941937454,31443.159540864785
Asus,2.9810194616487937,8,1000,16.655275638061433,2.957370469461388,32379.03942150032
Dell,2.559345634121907,16,1000,12.439936183219745,2.844178946516489,32245.014750269227
Acer,3.987269556616088,8,1000,13.448714340955538,3.1908439188028783,32018.23509548632
HP,3.1912834644431163,8,512,16.93112988797268,4.613945741740561,17329.767812411545
Lenovo,2.171693398462365,32,512,16.617602836479314,4.10414985667907,18277.152535880618
Lenovo,3.147213675581643,32,1000,12.51587618372772,2.8210953730351127,32739.64821789146
Asus,3.826488036609791,16,1000,12.096034305438009,4.489463794151855,32503.38900195016
Dell,2.0124607385395525,32,512,12.032663616936668,3.4128501763175434,18042.955600013647
HP,1.515964679292084,8,256,15.27941520850002,3.700678388748608,9230.656162685767
Dell,1.760271454961435,4,512,14.493099380555538,3.856316231123015,16691.8538808074
HP,3.2139132180724284,32,512,11.481333478734284,3.958918765723818,18035.13008841408
Lenovo,1.7174668997785254,8,1000,12.685291791117464,2.7627836943345936,31397.56507943572
Lenovo,2.0530236045490056,8,512,11.671283699294744,3.214175191488976,16713.611745764396
HP,2.2759048973089344,16,1000,14.069814307370462,2.3442607982415065,32156.279925438143
Asus,3.871133267405392,8,256,12.27851005210885,3.392200068213514,9829.331415396638
Dell,2.0146030250919207,32,512,14.375331207638284,4.735177630738328,18036.244976572903
HP,2.9781885893623232,16,1000,14.695471494060328,2.279588358688084,31965.356609806408
Lenovo,3.0487258650240365,32,256,15.0201952268454,3.2053794053282734,10374.526469146394
Acer,1.9548203262381776,4,1000,11.697145739152676,2.2460710556344123,31169.850513456506
Lenovo,1.9535885877244927,32,256,14.320274096760244,3.5349157475570423,10711.444213390389
Lenovo,2.096942864420756,16,1000,14.49286284546679,4.989696968866947,32205.99180089257
Dell,2.8845056017809405,4,1000,11.458639166236686,4.942381416243754,31500.579121575098
Asus,2.074886514727716,4,256,15.4173732951713,2.9911744209968494,9059.269729482983
Asus,1.53250480877684,32,256,13.58224849814476,3.956279185644952,10462.141838886577
